fecha,canal,campana,impresiones,clicks,conversiones,gasto,ingresos,segmento,ctr,tasa_de_conversion,ROI,CPA,mes
2024-01-01,Instagram,LanzamientoProducto,6840,4940,221,821.0085859771706,5533.971195485232,26-35,72.22222222222221,4.473684210526316,574.0454716315369,3.714970977272265,2024-01
2024-01-02,TikTok,Navidad,29290,3122,274,881.773971528951,1231.886609309495,46+,10.658927961761695,8.77642536835362,39.705485655634234,3.218153180762595,2024-01
2024-01-03,Instagram,BlackFriday,37866,4872,313,4995.427996115367,5489.177508349995,18-25,12.866423704642688,6.4244663382594425,9.884028207764906,15.959833853403728,2024-01
2024-01-04,Facebook,Descuento10,12127,2680,71,1945.0378422518916,11838.700604426464,18-25,22.099447513812155,2.6492537313432836,508.66171070070607,27.39489918664636,2024-01
2024-01-05,Email,BlackFriday,32368,2573,411,2841.3544800370114,1955.792112477097,26-35,7.949209095402868,15.973571706179557,-31.166909084444093,6.9132712409659645,2024-01
2024-01-06,Instagram,Navidad,40520,4432,403,4729.187846425144,4998.589532538538,18-25,10.937808489634747,9.092960288808664,5.696574017820807,11.734957435298124,2024-01
2024-01-07,Email,BlackFriday,39890,4631,253,3059.4761911032706,12876.959313471541,26-35,11.60942592128353,5.463182897862233,320.88771113554606,12.092791269182888,2024-01
2024-01-08,Facebook,Descuento10,30977,3754,41,4363.204029560722,2848.0621528341335,36-45,12.118668689672983,1.0921683537559936,-34.725441818936204,106.41961047709079,2024-01
2024-01-09,Facebook,BlackFriday,13791,2396,202,3565.752442611635,6135.4538801366425,36-45,17.373649481545936,8.430717863105174,72.0661761825199,17.652239814909084,2024-01
2024-01-10,Google Ads,Descuento10,3709,2565,427,4293.796800164497,8535.683637884567,18-25,69.15610676732274,16.647173489278753,98.79104753065079,10.055730211158073,2024-01
2024-01-11,Facebook,Verano2024,20963,3152,121,2404.455728700591,3080.1187124948824,18-25,15.036015837427849,3.838832487309644,28.100454324415086,19.87153494793877,2024-01
2024-01-12,Facebook,Descuento10,39648,2618,193,4751.963111988043,10659.484892482673,36-45,6.603107344632768,7.372039724980901,124.31750081542918,24.621570528435456,2024-01
2024-01-13,Google Ads,Descuento10,41384,685,396,713.7797251519879,11828.950072214804,18-25,1.6552290740382756,57.81021897810219,1557.2269644806763,1.8024740534141108,2024-01
2024-01-14,Google Ads,LanzamientoProducto,35642,1518,463,4057.5885874326564,9701.463907628486,46+,4.259020257000168,30.500658761528328,139.09432162926254,8.763690253634246,2024-01
2024-01-15,Facebook,BlackFriday,13613,4528,475,1252.9319051515204,12996.211089696375,26-35,33.26232277969588,10.490282685512367,937.2639595385442,2.6377513792663585,2024-01
2024-01-16,Email,BlackFriday,36967,2568,149,3132.1890565977274,2395.166890473428,46+,6.94673627830227,5.802180685358255,-23.53057726741673,21.021403064414276,2024-01
2024-01-17,TikTok,LanzamientoProducto,4052,137,137,3903.684886336618,547.7772681312449,46+,3.3810463968410662,100.0,-85.96768734975169,28.49405026523079,2024-01
2024-01-18,Google Ads,BlackFriday,1526,1526,495,3534.904562617726,4370.634201012749,36-45,100.0,32.43774574049804,23.642212217920108,7.141221338621668,2024-01
2024-01-19,Google Ads,Verano2024,6011,2213,323,2254.0673809117975,12680.515250070168,18-25,36.81583763100982,14.595571622232265,462.5614991571701,6.978536783008661,2024-01
2024-01-20,TikTok,Navidad,25062,1992,91,4658.706191616312,2341.110328657223,18-25,7.948288245152023,4.568273092369478,-49.74762879723506,51.19457353424519,2024-01
2024-01-21,Facebook,BlackFriday,32416,1695,149,892.9636185704579,11575.71513405333,36-45,5.228899308983218,8.7905604719764,1196.3255045692508,5.993044419935959,2024-01
2024-01-22,Email,Descuento10,15130,3063,201,3628.040407653609,13974.859179707722,46+,20.24454725710509,6.562193927522038,285.19028482226287,18.049952276883626,2024-01
2024-01-23,Instagram,Verano2024,47809,2798,206,1340.584181764442,8631.195822615251,18-25,5.8524545587650865,7.36240171551108,543.8384056758819,6.50769020274001,2024-01
2024-01-24,TikTok,Descuento10,39931,3781,406,3471.0249053458424,13304.070275220734,46+,9.468833738198393,10.73790002644803,283.2893925575321,8.549322426960202,2024-01
2024-01-25,Instagram,Descuento10,18642,4160,191,1034.044800925435,4097.515875841955,18-25,22.315202231520225,4.591346153846154,296.2609620177788,5.413847125264058,2024-01
2024-01-26,TikTok,Verano2024,35873,3171,56,334.12692289848854,10980.915844903731,36-45,8.839517185627074,1.7660044150110374,3186.450475060896,5.966552194615867,2024-01
2024-01-27,Google Ads,Verano2024,3080,3080,475,3945.482629612825,11811.927991593908,46+,100.0,15.422077922077923,199.3785323736941,8.306279220237526,2024-01
2024-01-28,Google Ads,BlackFriday,23229,3368,352,4105.486650036341,7568.673139109244,36-45,14.499117482457274,10.451306413301662,84.35507856400525,11.663314346694152,2024-01
2024-01-29,Facebook,Navidad,9640,84,84,895.9062121622845,9239.918792131719,26-35,0.8713692946058091,100.0,931.3488919594631,10.665550144789101,2024-01
2024-01-30,Email,Descuento10,4207,1734,494,4054.7877415358544,1788.9738793046986,26-35,41.21701925362491,28.489042675893888,-55.879962322588085,8.208072351287155,2024-01
2024-01-31,TikTok,Descuento10,20318,2457,409,1707.4060021837656,4506.881465793196,18-25,12.092725661974605,16.64631664631665,163.96073693245262,4.174586802405295,2024-01
2024-02-01,TikTok,Verano2024,29385,4069,112,2898.622301711734,1613.5186319574677,46+,13.847200952867109,2.752519046448759,-44.334981794467296,25.88055626528334,2024-02
2024-02-02,TikTok,Navidad,44823,1799,208,3049.221871735279,3971.8938010030665,18-25,4.013564464672155,11.561978877153974,30.259258528232486,14.659720537188841,2024-02
2024-02-03,Facebook,Descuento10,35878,758,454,4576.798813623208,13442.291226852378,18-25,2.1127153130051846,59.894459102902374,193.7050933250621,10.081054655557727,2024-02
2024-02-04,Email,Verano2024,4046,4046,313,2894.1295512881584,947.2654529364182,18-25,100.0,7.73603559070687,-67.26941775931225,9.246420291655458,2024-02
2024-02-05,Instagram,BlackFriday,25664,3380,171,4357.886886079932,7704.038272119565,46+,13.170199501246882,5.059171597633136,76.78380539724404,25.484718632046388,2024-02
2024-02-06,Facebook,BlackFriday,37192,2926,125,2165.449385149035,8078.656861034341,46+,7.867283286728329,4.272043745727956,273.0706853015793,17.32359508119228,2024-02
2024-02-07,TikTok,LanzamientoProducto,17840,3235,412,3300.544319961501,4643.701086866472,46+,18.13340807174888,12.735703245749614,40.69500775316473,8.011029902819176,2024-02
2024-02-08,Google Ads,LanzamientoProducto,49619,3687,141,1038.1838106874434,11833.539562224138,18-25,7.430621334569419,3.8242473555736374,1039.8308700641792,7.363005749556336,2024-02
2024-02-09,Email,BlackFriday,13779,2359,442,3589.8500924912328,9048.384991142095,18-25,17.120255461209087,18.73675286138194,152.05467520964993,8.121832788441703,2024-02
2024-02-10,Instagram,Verano2024,35032,4007,29,4645.997422093403,3331.0519676543963,18-25,11.438113724594656,0.7237334664337409,-28.30275901975244,160.2068076583932,2024-02
2024-02-11,Google Ads,Verano2024,41144,3211,77,2193.164210492382,7332.201861004663,36-45,7.804297102858254,2.398006851448147,234.3206963676709,28.48265208431665,2024-02
2024-02-12,Email,LanzamientoProducto,1376,1076,284,3271.718779819398,838.8423515171282,26-35,78.19767441860465,26.394052044609666,-74.36080519232668,11.520136548659853,2024-02
2024-02-13,Instagram,Navidad,17202,2399,147,2767.060070177225,759.6472441098058,18-25,13.946052784559933,6.127553147144644,-72.54677437988718,18.823537892362076,2024-02
2024-02-14,Instagram,BlackFriday,5360,2234,283,171.05441349518313,11155.848313586845,36-45,41.679104477611936,12.667860340196956,6421.812612511743,0.6044325565200818,2024-02
2024-02-15,Instagram,Navidad,47296,1111,406,4548.136494936959,2997.8276971097207,18-25,2.349035859269283,36.543654365436545,-34.08668142552584,11.202306637775761,2024-02
2024-02-16,Instagram,LanzamientoProducto,27260,4570,354,4065.5226688257862,14542.990757782738,26-35,16.764490095377845,7.746170678336981,257.71515601911716,11.484527313067193,2024-02
2024-02-17,TikTok,Navidad,49842,1410,13,2135.8753392330323,5694.049673443818,18-25,2.8289394486577586,0.9219858156028369,166.59091796473874,164.29810301792557,2024-02
2024-02-18,Email,Verano2024,27507,4102,379,545.7446526442907,10631.383136970231,36-45,14.912567710037445,9.239395416869819,1848.050811942564,1.439959505657759,2024-02
2024-02-19,Email,Descuento10,36761,4271,126,1822.8171697957944,7205.902071395596,36-45,11.618291123745275,2.9501287754624212,295.31677618566954,14.466802934887257,2024-02
2024-02-20,TikTok,Descuento10,46518,4614,96,2675.6449059837546,6437.202617220035,18-25,9.918741132464852,2.080624187256177,140.58508671401103,27.871301103997443,2024-02
2024-02-21,TikTok,Navidad,43501,3228,350,1296.4494802958422,10185.06740124688,46+,7.4205190685271605,10.842627013630732,685.6123633080332,3.704141372273835,2024-02
2024-02-22,Email,Descuento10,16760,1882,399,4179.274950259893,9577.829919153171,26-35,11.229116945107398,21.200850159404887,129.17443894323256,10.474373308922036,2024-02
2024-02-23,Instagram,Navidad,5420,3942,179,1547.8374545504753,13214.51683043613,26-35,72.73062730627306,4.540842212075089,753.7406038073879,8.64713661760042,2024-02
2024-02-24,Google Ads,BlackFriday,1078,787,479,1104.1726328228347,1724.1094851412968,36-45,73.00556586270872,60.864040660736975,56.14492099243429,2.3051620726990287,2024-02
2024-02-25,TikTok,LanzamientoProducto,25799,2988,16,947.0336223881891,7845.044034395956,18-25,11.581844257529362,0.535475234270415,728.3807299906267,59.18960139926182,2024-02
2024-02-26,Email,Navidad,20010,3234,33,3658.7209979091317,9311.432937047299,18-25,16.16191904047976,1.0204081632653061,154.49967194460993,110.87033326997368,2024-02
2024-02-27,Facebook,Verano2024,5738,327,327,2778.4511636619345,9922.832624363282,26-35,5.698849773440223,100.0,257.13539810018534,8.496792549424876,2024-02
2024-02-28,Email,LanzamientoProducto,47798,3593,495,3510.2745548711223,9569.460841499953,36-45,7.517050922632746,13.776788199276371,172.61288802098528,7.091463747214388,2024-02
2024-02-29,Instagram,Verano2024,1175,1175,427,1522.6910127651315,5833.734626982484,36-45,100.0,36.340425531914896,283.1200537782587,3.566021107178294,2024-02
2024-03-01,Facebook,Descuento10,36655,482,14,2060.0151197347745,950.6178150837619,46+,1.3149638521347702,2.904564315352697,-53.853842820039446,147.14393712391248,2024-03
2024-03-02,Instagram,BlackFriday,22508,1230,234,4488.475637031229,10845.697861080158,46+,5.464723653811978,19.024390243902438,141.63432617523858,19.181519816372774,2024-03
2024-03-03,TikTok,Descuento10,2902,2568,360,1718.9720530655588,1135.6716610728456,46+,88.49069607167472,14.018691588785046,-33.93309338290138,4.774922369626553,2024-03
2024-03-04,Google Ads,BlackFriday,45559,3536,217,4524.450769330734,7325.358842689625,18-25,7.7613643846440885,6.136877828054298,61.906034923509765,20.850003545302922,2024-03
2024-03-05,Facebook,Navidad,47317,2023,495,4834.798658136997,10927.286389204908,26-35,4.275418982606674,24.468610973801287,126.01326677408203,9.767270016438378,2024-03
2024-03-06,TikTok,LanzamientoProducto,26652,531,10,195.71696345940717,4465.918148200815,46+,1.9923457901846016,1.8832391713747645,2181.8247684121015,19.571696345940715,2024-03
2024-03-07,Instagram,Verano2024,27384,2712,473,2521.7290829472736,903.1083512807272,18-25,9.903593339176162,17.441002949852507,-64.18693992991435,5.331351126738422,2024-03
2024-03-08,Facebook,Navidad,30478,2177,437,3148.0744171666197,1844.4469718072576,36-45,7.142857142857142,20.0734956361966,-41.41031222929837,7.203831618230251,2024-03
2024-03-09,Facebook,Verano2024,2924,2924,493,161.25685709244283,2517.038216231888,26-35,100.0,16.86046511627907,1460.887556421219,0.32709301641469135,2024-03
2024-03-10,Email,BlackFriday,46336,2631,357,1815.8048133368357,10143.921855702056,26-35,5.6780904696132595,13.568985176738883,458.6460494650279,5.086287992540156,2024-03
2024-03-11,TikTok,Verano2024,31228,4543,15,237.41368167702956,9976.192653605207,36-45,14.547841680543103,0.3301782962799912,4102.029378903495,15.827578778468638,2024-03
2024-03-12,Facebook,Descuento10,14933,831,169,3120.80823240031,14686.771837720225,18-25,5.564856358400857,20.33694344163658,370.6079561455199,18.46632090177698,2024-03
2024-03-13,Google Ads,Verano2024,9327,4515,155,2369.4756820558237,5196.227832609348,18-25,48.4078481826954,3.433001107419712,119.29863521962609,15.28693988423112,2024-03
2024-03-14,Google Ads,BlackFriday,8853,1260,226,1388.2834488451751,2404.876218845886,18-25,14.23246357167062,17.936507936507937,73.22660014756711,6.142847118783961,2024-03
2024-03-15,Email,Verano2024,49161,1524,87,3910.192354894445,3001.7065397508013,18-25,3.1000183071947274,5.708661417322835,-23.233788332854743,44.9447397114304,2024-03
2024-03-16,Facebook,LanzamientoProducto,42241,1324,329,2760.28060353418,966.3689503827839,46+,3.134395492530953,24.848942598187314,-64.99019160785777,8.389910649040061,2024-03
2024-03-17,Email,BlackFriday,37707,2344,374,1728.8934447924817,12446.235152396514,46+,6.216352401410878,15.955631399317404,619.896023082581,4.622709745434443,2024-03
2024-03-18,Email,LanzamientoProducto,43465,3964,19,4682.984243929933,1604.251515933254,46+,9.119981594386289,0.479313824419778,-65.74296575922331,246.47285494368066,2024-03
2024-03-19,Email,Navidad,42762,4110,478,4881.58838888555,13458.071257277625,26-35,9.611337168514101,11.630170316301705,175.69041437248373,10.212528010220815,2024-03
2024-03-20,Facebook,LanzamientoProducto,18910,3443,359,993.765188902681,1202.3406068484655,18-25,18.207297726070863,10.426953238454836,20.988400506974315,2.7681481585032897,2024-03
2024-03-21,Facebook,Navidad,16796,362,362,4894.119795345604,12293.02221347835,26-35,2.1552750654917836,100.0,151.17943016370862,13.519667942943657,2024-03
2024-03-22,Instagram,BlackFriday,12022,2929,318,2979.2596915488334,3338.455468545616,46+,24.363666611212775,10.856947763741893,12.056544718666226,9.368741168392559,2024-03
2024-03-23,Email,Verano2024,32554,4908,177,4389.256318961092,834.7052971791303,26-35,15.076488296369108,3.606356968215159,-80.98299036277973,24.79805829921521,2024-03
2024-03-24,Email,BlackFriday,3472,1097,230,1528.3378785579853,10672.4062786899,26-35,31.59562211981567,20.96627164995442,598.3014965747959,6.644947298078197,2024-03
2024-03-25,Email,Descuento10,15728,2962,404,328.3779242667174,538.4257245159351,26-35,18.83265513733469,13.639432815665092,63.96526219546088,0.812816644224548,2024-03
2024-03-26,Email,BlackFriday,46219,707,58,161.66689815852467,4816.212786888704,46+,1.5296739436162616,8.203677510608204,2879.0964271276493,2.7873603130780116,2024-03
2024-03-27,Google Ads,BlackFriday,3483,1433,468,2211.5623176844138,1327.844221118586,26-35,41.14269308067758,32.658757850662944,-39.95899593239194,4.725560507872679,2024-03
2024-03-28,Facebook,Descuento10,4959,4166,371,122.28936133186696,2259.8183733192946,26-35,84.00887275660416,8.905424867978876,1747.9272020945753,0.3296209200319864,2024-03
2024-03-29,Email,Descuento10,2465,775,167,2282.858991804357,2318.4515606797418,26-35,31.44016227180527,21.548387096774192,1.55912253026423,13.669814322181779,2024-03
2024-03-30,Facebook,BlackFriday,30657,2052,18,3745.454211837808,10986.259951334805,26-35,6.6934142283980815,0.8771929824561403,193.32250055578973,208.0807895465449,2024-03
2024-03-31,TikTok,Descuento10,15857,1794,58,3374.8378355313166,14596.243839619392,46+,11.31361543797692,3.2329988851727984,332.5020801279904,58.18685923329856,2024-03
2024-04-01,Email,BlackFriday,31697,2585,96,3686.5819398702565,4046.50701268803,18-25,8.155345931791652,3.713733075435203,9.763110618136444,38.40189520698184,2024-04
2024-04-02,Facebook,BlackFriday,34404,3236,486,3013.4463030866154,6284.139813846767,18-25,9.40588303685618,15.018541409147096,108.53664481792964,6.200506796474517,2024-04
2024-04-03,Instagram,Descuento10,22731,104,104,4774.550088871723,5928.651867111594,46+,0.4575249659055915,100.0,24.171948283248543,45.909135469920415,2024-04
2024-04-04,Email,Navidad,43937,752,176,1276.503080570468,4223.559294571445,36-45,1.7115415253658648,23.404255319148938,230.869494861222,7.252858412332205,2024-04
2024-04-05,TikTok,Descuento10,35768,4085,469,4528.749891121802,10834.204724344101,46+,11.420823082084546,11.481028151774787,139.2316861123986,9.65618313672026,2024-04
2024-04-06,Email,Verano2024,22720,1372,332,4910.470727727068,4434.030587380629,18-25,6.038732394366198,24.198250728862973,-9.702534986232795,14.790574481105628,2024-04
2024-04-07,Facebook,Navidad,20786,4031,350,117.38554477930701,7959.011907929509,18-25,19.392860579236025,8.682709005209626,6680.231691127733,0.33538727079802005,2024-04
2024-04-08,Google Ads,Verano2024,16095,3199,431,2212.5751512294496,2381.378968793149,46+,19.87573780677229,13.472960300093778,7.6292919347802055,5.133585037655336,2024-04
2024-04-09,Google Ads,Descuento10,43606,3019,283,3412.753834133085,12795.464156610537,36-45,6.923359170756319,9.373964889036104,274.93076789292854,12.05920082732539,2024-04
2024-04-10,Email,Descuento10,30086,828,76,3111.224198330462,10466.903750269725,26-35,2.7521106162334643,9.178743961352657,236.42396314243283,40.937160504348185,2024-04
2024-04-11,Google Ads,BlackFriday,36403,650,5,4947.294073625453,8311.999748200069,26-35,1.7855671235887154,0.7692307692307693,68.01103036328924,989.4588147250906,2024-04
2024-04-12,Facebook,Verano2024,37825,4624,471,3335.8036027692247,9404.239391597355,26-35,12.224719101123597,10.18598615916955,181.91825753142078,7.082385568512154,2024-04
2024-04-13,Facebook,Descuento10,9614,2000,72,3125.4863066546936,3753.3617562783065,46+,20.80299563137092,3.5999999999999996,20.088888192751284,43.40953203687074,2024-04
2024-04-14,Google Ads,Descuento10,43444,3627,56,4639.013666601812,12738.809613556392,46+,8.348678758861983,1.5439757375241245,174.6016832256473,82.83952976074663,2024-04
2024-04-15,Email,Descuento10,41093,1418,51,4520.360720014845,2274.93370181237,26-35,3.450709366558781,3.596614950634697,-49.67362467911855,88.63452392185971,2024-04
2024-04-16,Facebook,Verano2024,43111,2256,351,4187.511057864975,13276.710084092276,26-35,5.233003177843242,15.558510638297873,217.0549259602786,11.930230934088247,2024-04
2024-04-17,Email,Descuento10,38933,3208,337,2096.135932374624,9390.53213871431,46+,8.2397965736008,10.50498753117207,347.9925177407828,6.219987929895027,2024-04
2024-04-18,TikTok,LanzamientoProducto,26250,1755,278,3517.7411880573027,14135.37725754644,26-35,6.685714285714285,15.840455840455842,301.8310757350742,12.653745280781663,2024-04
2024-04-19,TikTok,LanzamientoProducto,16223,3775,457,4784.399476145111,4678.3638657986085,36-45,23.269432287493068,12.105960264900663,-2.216278362105706,10.469145462024313,2024-04
2024-04-20,Facebook,Descuento10,47684,2659,176,1275.4416538166522,14063.028737959608,18-25,5.576293935072561,6.61902971041745,1002.6007105756014,7.246827578503706,2024-04
2024-04-21,TikTok,Navidad,25716,3394,308,2491.108046443063,9755.450470055355,26-35,13.198009021620779,9.074837949322333,291.6108931519333,8.088013137802152,2024-04
2024-04-22,TikTok,Verano2024,35589,4471,406,3812.098814370678,644.8304515280975,26-35,12.562870549889011,9.08074256318497,-83.08463439884494,9.389405946725809,2024-04
2024-04-23,Email,BlackFriday,42413,310,153,3029.050488629559,1991.9208989028327,36-45,0.7309079763280126,49.354838709677416,-34.2394289438192,19.7977156119579,2024-04
2024-04-24,TikTok,Navidad,26738,1924,325,3940.3656109494523,9096.579733173594,18-25,7.195751365098362,16.89189189189189,130.85623597709056,12.124201879844469,2024-04
2024-04-25,Email,LanzamientoProducto,10994,381,281,1393.6511994244233,1878.659731013697,46+,3.4655266509004914,73.75328083989501,34.80128541413961,4.959612809339585,2024-04
2024-04-26,Google Ads,Verano2024,16939,241,31,741.0446621262853,11344.212238066266,26-35,1.4227522285849223,12.863070539419086,1430.8405576414555,23.904666520202753,2024-04
2024-04-27,TikTok,BlackFriday,17625,4245,420,2408.941830276006,10243.58359620419,26-35,24.085106382978726,9.89399293286219,325.231670912972,5.7355757863714425,2024-04
2024-04-28,TikTok,LanzamientoProducto,31101,3591,381,3357.5915586192737,3216.453488073001,36-45,11.546252532072923,10.609857978279031,-4.203550910888996,8.812576269341925,2024-04
2024-04-29,TikTok,Descuento10,39365,1278,383,3027.977407009904,9735.420842944293,36-45,3.2465388035056524,29.968701095461658,221.51563682101317,7.9059462324018375,2024-04
2024-04-30,TikTok,Descuento10,41004,1055,381,3092.3098448791043,8717.435366545718,26-35,2.5729197151497414,36.11374407582939,181.90691760665177,8.116298805456967,2024-04
2024-05-01,Google Ads,BlackFriday,17670,1535,152,554.0431449352237,4071.8491065517364,18-25,8.687040181097906,9.902280130293159,634.9335776057295,3.6450206903633138,2024-05
2024-05-02,Google Ads,Verano2024,10819,2167,434,2507.4620776940965,10759.665477857843,46+,20.02957759497181,20.027688047992616,329.1058107547776,5.777562391000222,2024-05
2024-05-03,Facebook,BlackFriday,28990,463,197,1092.0786720665303,4143.954176615428,18-25,1.5971024491203862,42.54859611231102,279.4556456975634,5.543546558713352,2024-05
2024-05-04,Google Ads,BlackFriday,47594,1704,24,3582.322427381047,13038.551938396608,46+,3.5802832289784425,1.4084507042253522,263.96924628386375,149.2634344742103,2024-05
2024-05-05,Google Ads,Navidad,46218,4212,418,2836.2539215820475,6245.513476540612,26-35,9.113332467869661,9.924026590693257,120.20290316802445,6.785296463114946,2024-05
2024-05-06,TikTok,Descuento10,25123,1338,456,3043.81000557177,7681.420332120052,26-35,5.325797078374398,34.08071748878923,152.36201727634185,6.675021942043355,2024-05
2024-05-07,Instagram,Descuento10,12092,4032,406,3018.277785112807,10089.241658694722,26-35,33.34435990737678,10.069444444444445,234.2714745626914,7.434181736731052,2024-05
2024-05-08,Instagram,LanzamientoProducto,9713,2104,331,1600.4460464585786,13302.99764066555,18-25,21.66169051786266,15.7319391634981,731.2056298368847,4.8351844303884555,2024-05
2024-05-09,Google Ads,Navidad,28898,3153,148,508.50917771985655,7114.425896711767,36-45,10.910789674025883,4.693942277196321,1299.0752199621427,3.435872822431463,2024-05
2024-05-10,Facebook,Descuento10,34227,2211,470,2124.136414457965,9996.061236604013,46+,6.459812428784294,21.25734961555857,370.5941279743465,4.519439179697798,2024-05
2024-05-11,Google Ads,Navidad,1868,332,37,1558.9329280827135,9154.31615640212,46+,17.77301927194861,11.144578313253012,487.2168065409169,42.133322380613876,2024-05
2024-05-12,Instagram,Verano2024,47219,4343,224,2891.566696561946,1546.2008743518093,36-45,9.197568775281137,5.157725074833064,-46.5272277416173,12.90877989536583,2024-05
2024-05-13,TikTok,Navidad,36670,684,380,1193.3749670460013,9676.911203638829,46+,1.865284974093264,55.55555555555556,710.8860560057157,3.14046043959474,2024-05
2024-05-14,TikTok,Descuento10,12861,4358,424,1196.1388068498663,1172.3222262382822,36-45,33.88538993857399,9.729233593391463,-1.991121805863584,2.8210820916270434,2024-05
2024-05-15,Facebook,BlackFriday,20926,422,278,1693.2643543162515,7831.35916733068,26-35,2.016630029628214,65.87677725118483,362.5006808516336,6.090878972360617,2024-05
2024-05-16,Instagram,Verano2024,46654,713,159,949.2900154214889,2044.644031801529,46+,1.5282719595318728,22.30014025245442,115.38665724759556,5.970377455481062,2024-05
2024-05-17,Email,Verano2024,19318,3656,91,2069.852729549214,9325.831814426938,18-25,18.925354591572628,2.4890590809628006,350.55533088375705,22.745634390650704,2024-05
2024-05-18,Facebook,Descuento10,6109,4121,230,4137.684284228409,10954.268463479008,26-35,67.45784907513504,5.581169619024508,164.74394156251458,17.9899316705583,2024-05
2024-05-19,TikTok,Navidad,30083,1560,399,4274.821482514601,11893.815970481468,18-25,5.185653026626333,25.576923076923073,178.22953587959202,10.713838302041605,2024-05
2024-05-20,Email,BlackFriday,19828,4681,127,630.4105919300689,9055.161835853296,26-35,23.608029049828524,2.71309549241615,1336.3911317114705,4.96386292858322,2024-05
2024-05-21,Facebook,Descuento10,3146,3146,41,1720.5776913079715,14844.818699235966,46+,100.0,1.3032422123331213,762.7810748813694,41.96530954409687,2024-05
2024-05-22,Facebook,Verano2024,47564,4442,175,3104.739217051532,5718.528912179127,46+,9.338995879236398,3.939666816749212,84.1870930985896,17.741366954580183,2024-05
2024-05-23,Google Ads,Verano2024,13843,1581,458,1212.0476779304859,664.303416596433,36-45,11.42093476847504,28.969006957621758,-45.19164314305691,2.6463923098918904,2024-05
2024-05-24,Facebook,Verano2024,1037,1037,282,4605.4368563110465,12367.112156857207,26-35,100.0,27.193828351012538,168.53287848057178,16.33133636989733,2024-05
2024-05-25,Email,Verano2024,36587,1952,230,3562.5035132193134,7058.824241482515,36-45,5.335228359799929,11.782786885245903,98.14223944732888,15.489145709649188,2024-05
2024-05-26,Facebook,Verano2024,21782,3462,165,1179.4207011364585,8367.459831869684,26-35,15.893857313378017,4.766031195840554,609.4550590647614,7.14800424931187,2024-05
2024-05-27,Google Ads,Navidad,3020,3020,112,622.7458084314869,12781.556585167076,18-25,100.0,3.708609271523179,1952.4516443330303,5.560230432423991,2024-05
2024-05-28,Facebook,BlackFriday,42479,1997,355,461.50170112578,4298.854248747801,46+,4.701146448833541,17.776664997496244,831.492611676456,1.3000047919036057,2024-05
2024-05-29,Instagram,Navidad,33353,822,230,1021.0729827894569,5237.846534274788,46+,2.464545917908434,27.980535279805352,412.9747454452843,4.439447751258508,2024-05
2024-05-30,Instagram,BlackFriday,21417,1729,493,2038.1846213950814,1902.2982767057374,18-25,8.073026100761076,28.51359167148641,-6.6670282595074015,4.134248724939313,2024-05
2024-05-31,Instagram,Navidad,43503,1036,399,3778.8643665134446,10385.98256008849,46+,2.381444957819001,38.513513513513516,174.84401536409416,9.47083801131189,2024-05
2024-06-01,Facebook,Descuento10,36832,1681,292,790.894845971026,3588.4255499274623,26-35,4.563966116420504,17.37061273051755,353.7171494045774,2.708543993051459,2024-06
2024-06-02,Email,Verano2024,2752,1208,385,278.6648243562674,12871.947505979768,36-45,43.895348837209305,31.870860927152318,4519.150456364468,0.7238047385877076,2024-06
2024-06-03,Instagram,Descuento10,31717,4864,462,4469.3328168782,9348.94460233335,36-45,15.335624428539898,9.498355263157894,109.1798705844316,9.67388055601342,2024-06
2024-06-04,Email,BlackFriday,8994,2343,138,1743.340074026143,13714.799546652945,18-25,26.050700466977982,5.8898847631242,686.6967409852175,12.632899087145963,2024-06
2024-06-05,Facebook,BlackFriday,49186,2394,216,1718.771850506236,1384.4262155198699,46+,4.867238645142927,9.022556390977442,-19.4525896434649,7.957277085677019,2024-06
2024-06-06,Facebook,LanzamientoProducto,24056,2399,287,2673.0263189890775,14879.772524285276,26-35,9.972564017292983,11.963318049187162,456.663898839302,9.313680553968911,2024-06
2024-06-07,Email,Verano2024,46433,4020,273,2157.1656743217204,6267.998651064671,46+,8.657635733206986,6.791044776119402,190.56640042427543,7.901705766746229,2024-06
2024-06-08,Email,Verano2024,48517,3044,201,1546.627612953842,8412.121181103108,18-25,6.274089494404024,6.603153745072274,443.90087896058805,7.69466474106389,2024-06
2024-06-09,Instagram,BlackFriday,49613,4152,175,3606.3386715208,9834.143933374688,18-25,8.368774313184044,4.214836223506744,172.69052712754817,20.60764955154743,2024-06
2024-06-10,TikTok,LanzamientoProducto,12832,4636,390,3981.6261439919244,7536.535580326401,26-35,36.1284289276808,8.412424503882658,89.28285348182821,10.209297805107498,2024-06
2024-06-11,Google Ads,Verano2024,33759,4115,479,4148.770394689225,8154.380897860229,26-35,12.189342101365561,11.64034021871203,96.54934166273752,8.661316064069364,2024-06
2024-06-12,Email,Verano2024,16735,119,119,3873.1483551414917,6548.756501613341,36-45,0.7110845533313416,100.0,69.08096207882298,32.547465169256235,2024-06
2024-06-13,Instagram,Descuento10,35953,1905,55,3483.096285198392,3209.8085034455107,46+,5.298584262787529,2.8871391076115485,-7.846116195932695,63.32902336724349,2024-06
2024-06-14,Email,Navidad,41737,79,79,1045.7605464637857,14556.921117644068,26-35,0.1892804945252414,100.0,1291.993718530303,13.237475271693489,2024-06
2024-06-15,Instagram,LanzamientoProducto,41182,1919,198,3685.08691390139,12115.894041107449,36-45,4.659802826477588,10.317873892652424,228.78177161581218,18.611550070209038,2024-06
2024-06-16,Instagram,BlackFriday,4925,356,356,1446.085770805884,9169.427972630434,18-25,7.228426395939086,100.0,534.0860381691216,4.062038682039,2024-06
2024-06-17,Email,Navidad,27111,4774,475,3636.905863351656,1320.4367945598776,46+,17.60908856183837,9.949727691663176,-63.6934019143678,7.656643922845592,2024-06
2024-06-18,Facebook,Descuento10,1408,1408,463,579.5282250460062,13473.492850668876,36-45,100.0,32.88352272727273,2224.9071000121303,1.251680831632843,2024-06
2024-06-19,Email,BlackFriday,41600,1193,186,2172.778272897374,1622.3806386394606,18-25,2.8677884615384617,15.590947191953058,-25.33151408606294,11.681603617727816,2024-06
2024-06-20,Facebook,BlackFriday,15188,2376,103,2025.7896525771591,11841.634730325306,26-35,15.64392941796155,4.335016835016835,484.5441413554795,19.667860704632613,2024-06
2024-06-21,Email,Descuento10,14584,1001,220,279.83563427440623,1353.0611118866846,18-25,6.863686231486561,21.978021978021978,383.5199474845565,1.2719801557927557,2024-06
2024-06-22,Email,Verano2024,2345,204,178,4431.6960124491,11538.37787625451,18-25,8.699360341151385,87.25490196078431,160.3603190255377,24.897168609264604,2024-06
2024-06-23,Email,Verano2024,20540,2997,212,3414.7525363938157,12746.36187236035,46+,14.591041869522883,7.073740407073741,273.27337007621867,16.10732328487649,2024-06
2024-06-24,Email,Navidad,4375,3325,75,3913.461421849604,7021.370442228179,36-45,76.0,2.2556390977443606,79.4158593981922,52.17948562466139,2024-06
2024-06-25,Google Ads,LanzamientoProducto,39785,1920,271,3362.032878150206,8541.535763859758,36-45,4.825939424406183,14.114583333333334,154.0586625244224,12.406025380628067,2024-06
2024-06-26,Google Ads,Verano2024,21604,3282,448,1780.7007845480089,12644.928404601224,36-45,15.19163117941122,13.650213284582572,610.1096666170591,3.97477853693752,2024-06
2024-06-27,TikTok,LanzamientoProducto,16667,4856,168,2583.2899919958763,14574.96605022972,36-45,29.135417291654164,3.459637561779242,464.2016999790624,15.376726142832597,2024-06
2024-06-28,TikTok,BlackFriday,38727,3721,251,730.8518667797232,757.6310089606529,18-25,9.608283626410515,6.7454985219027135,3.6640998536302436,2.911760425417224,2024-06
2024-06-29,Google Ads,Descuento10,24623,4909,12,891.9247718329678,2381.916758870284,36-45,19.9366446005767,0.24444897127724588,167.05354914353126,74.32706431941399,2024-06
2024-06-30,Google Ads,Navidad,35228,709,159,1687.9360540560037,13030.111421419744,18-25,2.012603610764165,22.425952045133993,671.9552758002418,10.615950025509457,2024-06
2024-07-01,TikTok,Verano2024,28098,3115,432,3254.055494798598,10338.952624227366,26-35,11.086198305929248,13.868378812199037,217.72514761206523,7.532535867589347,2024-07
2024-07-02,Facebook,Navidad,24547,4098,287,3038.0142435301605,4449.280787069746,36-45,16.69450442009207,7.003416300634456,46.45358548087976,10.585415482683485,2024-07
2024-07-03,Instagram,LanzamientoProducto,1282,1282,306,3898.774740178906,6954.336618339283,46+,100.0,23.868954758190327,78.37236264694184,12.741093922153288,2024-07
2024-07-04,Facebook,Descuento10,16416,3605,203,2707.570073077666,2112.00679402544,26-35,21.960282651072124,5.631067961165048,-21.996227723674604,13.337783611220031,2024-07
2024-07-05,TikTok,LanzamientoProducto,20350,97,97,3410.7875278973115,915.8732780369271,18-25,0.4766584766584767,100.0,-73.14774753496455,35.16275801955991,2024-07
2024-07-06,Facebook,Navidad,28915,890,118,315.03053259113466,11113.784554399244,46+,3.077987203873422,13.258426966292136,3427.843622961897,2.6697502761960563,2024-07
2024-07-07,Email,BlackFriday,24877,1422,391,4673.159727573066,10999.043649674499,46+,5.716123326767697,27.49648382559775,135.36631082341975,11.951815160033417,2024-07
2024-07-08,TikTok,BlackFriday,13439,4546,306,4246.316574128063,10567.17534474763,18-25,33.8269216459558,6.731192256929168,148.855099714686,13.876851549438113,2024-07
2024-07-09,Instagram,LanzamientoProducto,43084,1976,266,4689.411769828183,13324.528432989462,18-25,4.5863893788877546,13.461538461538462,184.1407214167005,17.629367555745052,2024-07
2024-07-10,Instagram,Descuento10,32288,3681,132,950.7626691425805,4656.2839239877085,18-25,11.40052031714569,3.585982070089649,389.74198031847965,7.202747493504398,2024-07
2024-07-11,TikTok,LanzamientoProducto,18432,894,319,815.2693532653768,6642.458421620918,26-35,4.850260416666666,35.682326621923934,714.7563004810686,2.555703301772341,2024-07
2024-07-12,Email,Verano2024,33531,4355,406,2747.1960663806153,4133.377415430507,26-35,12.987981271062598,9.322617680826637,50.458042147540006,6.766492774336491,2024-07
2024-07-13,Google Ads,Descuento10,43158,851,197,4209.720754297941,9566.96223342625,46+,1.971824458964734,23.149236192714454,127.25883239782112,21.369140884761123,2024-07
2024-07-14,Email,Descuento10,21140,4351,7,3718.0526742974607,9736.74549929108,36-45,20.581835383159884,0.16088255573431395,161.87755667369274,531.1503820424944,2024-07
2024-07-15,Email,LanzamientoProducto,18124,2244,199,1367.265207601955,6412.773501599279,36-45,12.381372765393953,8.868092691622104,369.0219180554325,6.870679435185703,2024-07
2024-07-16,Instagram,Descuento10,26733,4400,25,2428.7213467788433,14059.399791244035,36-45,16.45905809299368,0.5681818181818182,478.88072709084935,97.14885387115373,2024-07
2024-07-17,Facebook,BlackFriday,40798,300,300,1253.2630605853103,7583.974330861113,46+,0.7353301632432963,100.0,505.13826421399324,4.177543535284368,2024-07
2024-07-18,Facebook,Navidad,8892,1897,363,2864.7280819103094,13805.872139216486,46+,21.33378317588844,19.135477069056407,381.9260936629702,7.891812897824543,2024-07
2024-07-19,Facebook,BlackFriday,47494,1834,333,2880.9082813174673,11091.621431120986,26-35,3.8615404051038027,18.157033805888766,285.00432322158764,8.651376220172574,2024-07
2024-07-20,Instagram,Descuento10,39496,2822,399,507.28758005775103,14110.464147033152,36-45,7.1450273445412185,14.138908575478384,2681.5512742154615,1.271397443753762,2024-07
2024-07-21,Instagram,Navidad,6328,1864,44,3200.8016604438817,11486.664131738728,46+,29.45638432364096,2.3605150214592276,258.8683508163944,72.74549228281549,2024-07
2024-07-22,Instagram,Verano2024,18529,149,143,575.4485042799431,3758.0453706641133,26-35,0.8041448540126289,95.9731543624161,553.0637133841444,4.024115414545057,2024-07
2024-07-23,Google Ads,LanzamientoProducto,23944,3216,146,236.73224794578454,10500.128431174171,36-45,13.431339792849982,4.539800995024875,4335.444905494611,1.6214537530533188,2024-07
2024-07-24,Google Ads,Descuento10,34392,2509,110,4290.134698151413,3957.3701136582604,46+,7.295301232844848,4.38421681944998,-7.7565066811664165,39.00122452864921,2024-07
2024-07-25,Facebook,LanzamientoProducto,1321,1321,99,1317.391071050861,4713.887329148112,46+,100.0,7.494322482967449,257.81989363173096,13.306980515665263,2024-07
2024-07-26,Email,Navidad,4188,3285,133,2378.9914892988427,3710.9535837525773,26-35,78.43839541547278,4.048706240487062,55.98851868302825,17.887154054878515,2024-07
2024-07-27,Email,LanzamientoProducto,33129,3181,45,4696.008436521277,7697.432981275677,36-45,9.601859398110417,1.4146494812951902,63.91437718493121,104.35574303380615,2024-07
2024-07-28,Email,Descuento10,37268,232,25,3164.5258679844565,6793.23697048558,26-35,0.6225179778898787,10.775862068965516,114.66839753824844,126.58103471937825,2024-07
2024-07-29,Facebook,Descuento10,16106,3387,342,1925.768623910737,13653.470450084544,18-25,21.02943002607724,10.097431355181577,608.9881037919231,5.6309024090957225,2024-07
2024-07-30,Email,BlackFriday,38591,114,23,4274.023558585554,9100.391304392204,46+,0.29540566453318134,20.175438596491226,112.92328363776937,185.82711124285018,2024-07
2024-07-31,Facebook,LanzamientoProducto,10739,3706,372,1151.4155258259195,5716.704996585375,36-45,34.509730887419686,10.037776578521317,396.4936522359933,3.095203026413762,2024-07
2024-08-01,Instagram,LanzamientoProducto,6810,3444,316,2492.485706719808,9538.601277401389,18-25,50.5726872246696,9.175377468060395,282.6943220450599,7.88761299594876,2024-08
2024-08-02,TikTok,BlackFriday,15920,3932,432,2872.1198527649667,5452.227717396901,18-25,24.69849246231156,10.986775178026448,89.83287595564947,6.648425585104089,2024-08
2024-08-03,Facebook,BlackFriday,29675,3844,494,2970.549130846142,12626.599702287756,18-25,12.953664700926707,12.851196670135275,325.05944679296215,6.013257349890975,2024-08
2024-08-04,Google Ads,LanzamientoProducto,24172,2386,260,185.79837299876786,1791.7238661638676,26-35,9.870925037233162,10.896898575020955,864.3377588541906,0.7146091269183379,2024-08
2024-08-05,Facebook,Navidad,39468,4535,76,1947.140599324986,3671.3387440346714,46+,11.490321272929968,1.6758544652701213,88.5502641826385,25.620271043749813,2024-08
2024-08-06,TikTok,Navidad,26163,2379,9,2622.974698556187,1863.730827550646,36-45,9.092993922715285,0.37831021437578816,-28.945909063608806,291.44163317290963,2024-08
2024-08-07,Instagram,Verano2024,17556,4511,61,2343.451307493839,13073.764050414718,26-35,25.69491911597175,1.3522500554200843,457.88503087765093,38.41723454907933,2024-08
2024-08-08,Google Ads,BlackFriday,45682,2268,68,4127.520505193259,4444.968245064547,36-45,4.96475635917867,2.9982363315696645,7.691003338974918,60.69883095872439,2024-08
2024-08-09,Facebook,Navidad,13123,997,49,3642.4115248343196,14923.57356190389,46+,7.597348167339785,4.914744232698094,309.71684446289225,74.33492907825142,2024-08
2024-08-10,Instagram,Descuento10,33381,4583,79,4667.599630824351,2702.6018843592874,46+,13.729367005182588,1.723761728125682,-42.09867816186331,59.08353963068799,2024-08
2024-08-11,TikTok,Descuento10,33282,126,126,1196.525872782974,5200.442395450937,26-35,0.3785830178474851,100.0,334.6284951912773,9.496237085579159,2024-08
2024-08-12,TikTok,BlackFriday,35293,2179,5,865.4618170317168,13453.223977830085,18-25,6.174028844246735,0.2294630564479119,1454.456096511657,173.09236340634337,2024-08
2024-08-13,TikTok,Descuento10,16061,4302,261,1095.773172137021,9713.19446899218,18-25,26.785380735944216,6.066945606694561,786.4238252930683,4.198364644203146,2024-08
2024-08-14,Email,Verano2024,32490,846,407,3316.251765879276,7674.706185964045,18-25,2.6038781163434903,48.10874704491725,131.42712700310202,8.148038736804118,2024-08
2024-08-15,Email,Descuento10,37372,2650,322,1333.2520825479703,2875.432723010535,36-45,7.090870170180883,12.150943396226415,115.6705967798162,4.14053441785084,2024-08
2024-08-16,Facebook,Verano2024,20082,231,80,3356.389573027913,11968.384539200404,26-35,1.1502838362712877,34.63203463203463,256.58508283361516,41.95486966284891,2024-08
2024-08-17,TikTok,LanzamientoProducto,37891,1120,229,3448.4244288133095,5328.827591673966,46+,2.955847034915943,20.44642857142857,54.52934236136794,15.058621959883448,2024-08
2024-08-18,Google Ads,Descuento10,43608,2677,286,498.499086040737,11420.060373849714,46+,6.138781874885342,10.683601045946956,2190.8889291156042,1.7430037973452341,2024-08
2024-08-19,TikTok,Descuento10,10343,4573,364,3726.051083701109,8950.676473662199,46+,44.21347771439621,7.9597638311830305,140.21883416508177,10.236404076101948,2024-08
2024-08-20,Google Ads,Navidad,48516,3569,145,1638.4258036018605,9441.717781843381,18-25,7.35633605408525,4.062762678621463,476.2676442892333,11.299488300702485,2024-08
2024-08-21,Google Ads,LanzamientoProducto,14891,800,89,1183.4900132043965,5216.561684757798,46+,5.3723725740380095,11.125,340.77783729104124,13.297640597802207,2024-08
2024-08-22,Google Ads,BlackFriday,6094,4967,62,1368.1785294727338,1588.1826271509942,26-35,81.50639973744667,1.2482383732635394,16.080072369140687,22.067395636656997,2024-08
2024-08-23,Facebook,BlackFriday,16767,3855,133,4491.854274329461,9132.172158389252,46+,22.991590624440867,3.450064850843061,103.30517422568195,33.77334040849219,2024-08
2024-08-24,Google Ads,Verano2024,22100,1596,180,3065.023624660145,11280.716600401523,26-35,7.221719457013574,11.278195488721805,268.04664439258113,17.027909025889695,2024-08
2024-08-25,TikTok,Descuento10,5727,2610,464,3283.59440150636,8852.938823619977,18-25,45.57359874279728,17.77777777777778,169.61121688959702,7.076712072211983,2024-08
2024-08-26,Email,Descuento10,32513,1958,384,1163.906098475907,9216.809491133516,36-45,6.022206502014579,19.611848825331972,691.886003793828,3.0310054647810074,2024-08
2024-08-27,Instagram,Descuento10,15538,814,182,1863.819199940224,10612.577373612345,26-35,5.238769468400052,22.358722358722357,469.3995090270938,10.240764834836396,2024-08
2024-08-28,TikTok,Navidad,12522,3725,484,4071.366807168845,1149.582171932598,18-25,29.74764414630251,12.993288590604028,-71.76422006711802,8.41191489084472,2024-08
2024-08-29,Google Ads,BlackFriday,38002,3046,111,1766.8586272895313,3743.4708643295703,18-25,8.015367612230936,3.6441234405778067,111.87155590780245,15.91764529089668,2024-08
2024-08-30,Facebook,Descuento10,7830,4887,277,4081.988230446638,9401.03108158521,36-45,62.41379310344828,5.668099038264785,130.30519812538947,14.7364196045005,2024-08
2024-08-31,Instagram,LanzamientoProducto,31701,1856,244,1079.925594122798,2466.478697785192,18-25,5.854704898899088,13.14655172413793,128.39339221223506,4.4259245660770405,2024-08
2024-09-01,Instagram,BlackFriday,29593,797,93,3688.640463890167,4419.1719168637055,36-45,2.693204474031021,11.668757841907151,19.804897227719902,39.66280068699105,2024-09
2024-09-02,Instagram,LanzamientoProducto,8685,1840,367,672.3738310786573,1152.6830128429392,36-45,21.185952792170408,19.945652173913043,71.43484168527867,1.8320812835930718,2024-09
2024-09-03,Instagram,LanzamientoProducto,20507,4107,231,4129.6883091089885,3621.626974793931,18-25,20.02730774857366,5.6245434623813,-12.30265570392831,17.877438567571378,2024-09
2024-09-04,Email,Verano2024,46088,88,88,3396.2888674045053,668.1879132289572,26-35,0.1909390730775907,100.0,-80.32593989157357,38.5941916750512,2024-09
2024-09-05,Instagram,Verano2024,29967,1125,375,4790.85721629092,12365.43917442762,46+,3.7541295424967465,33.33333333333333,158.1049406436065,12.775619243442454,2024-09
2024-09-06,Facebook,Navidad,46713,3168,169,244.65837985274555,9022.471352665194,26-35,6.78183803223942,5.334595959595959,3587.783495540034,1.447682721022163,2024-09
2024-09-07,Google Ads,Navidad,10515,4086,132,746.0996256331827,8427.040931564929,36-45,38.85877318116976,3.2305433186490458,1029.4793137596419,5.652269891160475,2024-09
2024-09-08,TikTok,Navidad,34390,1652,158,233.64562915665815,581.4410314011636,46+,4.8037220122128526,9.564164648910412,148.85594200921707,1.4787698047889757,2024-09
2024-09-09,Facebook,Verano2024,27883,4862,336,182.0763332562802,12826.80044620618,26-35,17.437148083061363,6.910736322501028,6944.737894711396,0.5418938489770244,2024-09
2024-09-10,Facebook,Descuento10,32075,3436,172,4245.65856843109,500.9836555279887,46+,10.712392829306314,5.005820721769499,-88.2000955222097,24.684061444366804,2024-09
2024-09-11,Instagram,BlackFriday,9943,1646,273,3193.982842453664,11916.115840821225,46+,16.554359851151563,16.585662211421628,273.08014565498075,11.699570851478622,2024-09
2024-09-12,Google Ads,BlackFriday,43224,846,344,3254.44334473861,3674.7948080522187,26-35,1.9572459744586341,40.66193853427896,12.916232325665836,9.460591118426192,2024-09
2024-09-13,Email,Verano2024,14368,921,435,1943.0256361138486,12392.935756272747,18-25,6.410077951002227,47.23127035830619,537.8163790499057,4.466725600261721,2024-09
2024-09-14,Facebook,Navidad,41270,2513,45,361.1598360128968,2372.299969793897,18-25,6.0891688878119705,1.7906884202148827,556.8559771162327,8.02577413361993,2024-09
2024-09-15,Email,Navidad,30616,3430,226,2212.8173368129837,8436.428583133973,36-45,11.203292396132742,6.588921282798833,281.25282384512417,9.79122715403975,2024-09
2024-09-16,Email,BlackFriday,30096,3477,437,871.098779399707,927.0705857138413,36-45,11.553030303030303,12.568306010928962,6.425425868775253,1.9933610512579107,2024-09
2024-09-17,Email,Descuento10,34184,1985,381,4679.516681456314,8542.436836962492,36-45,5.806810203604025,19.193954659949622,82.54955411984979,12.282196014321032,2024-09
2024-09-18,Facebook,Descuento10,28327,1531,370,4404.870451644301,2428.5785446575396,46+,5.404737529565432,24.16721097322012,-44.866061980302476,11.905055274714329,2024-09
2024-09-19,Facebook,Descuento10,40195,4941,417,1574.5039892938205,12188.513755641534,46+,12.292573703196915,8.439587128111718,674.1176801405371,3.7757889431506486,2024-09
2024-09-20,Facebook,LanzamientoProducto,26011,1308,67,184.9050630687168,3925.562395375304,26-35,5.0286417284994815,5.122324159021407,2023.0150922997905,2.7597770607271164,2024-09
2024-09-21,Email,Verano2024,37187,1785,36,202.53569483383012,2181.0817385944983,46+,4.800064538682873,2.0168067226890756,976.8875779570417,5.6259915231619475,2024-09
2024-09-22,Facebook,BlackFriday,16783,406,165,2691.3101266667845,941.020496772554,46+,2.4191145802299947,40.64039408866995,-65.03485468105389,16.31097046464718,2024-09
2024-09-23,Facebook,LanzamientoProducto,37961,2459,394,4133.4586900708,8825.092230026012,18-25,6.477700798187613,16.02277348515657,113.50382069198449,10.491011903732995,2024-09
2024-09-24,Instagram,Navidad,8177,650,83,1777.380412601842,10098.563200151859,36-45,7.94912559618442,12.769230769230768,468.17117644325464,21.41422183857641,2024-09
2024-09-25,Facebook,Verano2024,13213,4123,136,3321.4810526260435,13475.049662609645,36-45,31.204117157345042,3.2985690031530437,305.69400966342846,24.42265479872091,2024-09
2024-09-26,Google Ads,Verano2024,17614,4364,355,4304.114816474193,1395.6875379865166,46+,24.7757465652322,8.134738771769019,-67.57318060743965,12.124267088659698,2024-09
2024-09-27,Google Ads,Descuento10,15384,1744,55,3217.491758219704,6182.752033809552,46+,11.336453458138324,3.153669724770642,92.1606175995484,58.499850149449166,2024-09
2024-09-28,TikTok,Navidad,30006,511,147,130.0353606746864,2864.911424371473,36-45,1.7029927347863758,28.767123287671232,2103.1787426950073,0.8845942903039891,2024-09
2024-09-29,Instagram,LanzamientoProducto,3219,2196,485,2800.589370086855,7781.975231766373,26-35,68.21994408201306,22.085610200364297,177.86919835109674,5.774411072344031,2024-09
2024-09-30,Email,BlackFriday,38363,4516,307,956.76283128994,3957.064212560421,18-25,11.771759247191305,6.798051372896369,313.5888313329828,3.116491307133355,2024-09
2024-10-01,Google Ads,Verano2024,46851,163,163,4020.3128735342448,6460.044405970774,36-45,0.34791146400290285,100.0,60.68511603903527,24.664496156651808,2024-10
2024-10-02,TikTok,LanzamientoProducto,5262,2766,101,2120.624888509112,5844.961856093582,26-35,52.56556442417332,3.6514822848879245,175.62450519963645,20.996286024842696,2024-10
2024-10-03,Instagram,Descuento10,34241,4544,150,2252.07774675486,10505.045638517455,18-25,13.27064046026693,3.301056338028169,366.4601678896184,15.0138516450324,2024-10
2024-10-04,Instagram,Navidad,28417,4431,299,1589.1557684266477,11257.675047034712,46+,15.592778970334658,6.747912435116227,608.4060147345049,5.314902235540628,2024-10
2024-10-05,Facebook,Verano2024,14440,4926,78,1224.8214102274253,6657.601633267834,18-25,34.11357340720221,1.5834348355663823,443.55692819181274,15.7028385926593,2024-10
2024-10-06,Google Ads,LanzamientoProducto,16445,3293,135,883.7769037092083,4038.1147083851342,46+,20.02432350258437,4.0996052232007285,356.9156187989505,6.546495583031173,2024-10
2024-10-07,Google Ads,Verano2024,2622,2311,230,2097.610994898102,12022.509303952296,18-25,88.13882532418002,9.9524015577672,473.1524736089748,9.120047803904791,2024-10
2024-10-08,Instagram,Verano2024,13167,2257,29,2734.1548019558036,12795.318788313747,36-45,17.141338193969773,1.2848914488258751,367.980773406135,94.2812000674415,2024-10
2024-10-09,TikTok,Verano2024,30582,4119,480,4514.603746056776,8330.24684856772,18-25,13.468707082597605,11.653313911143481,84.51778532819563,9.405424470951617,2024-10
2024-10-10,Facebook,BlackFriday,1651,1458,185,2069.536673749567,4118.755846261196,26-35,88.31011508176863,12.688614540466393,99.01825845873383,11.186684722970632,2024-10
2024-10-11,Facebook,Descuento10,34977,3605,52,1676.5910325691177,11866.496958517751,18-25,10.306773022271779,1.4424410540915393,607.7752849682233,32.242135241713804,2024-10
2024-10-12,Email,LanzamientoProducto,36985,1560,255,4109.056520766836,5662.496450691858,26-35,4.21792618629174,16.346153846153847,37.80527043310461,16.113947140262102,2024-10
2024-10-13,Instagram,Navidad,38434,2365,383,3511.3400983916617,13821.076754065876,26-35,6.153405838580424,16.19450317124736,293.6125913976974,9.16798981303306,2024-10
2024-10-14,TikTok,LanzamientoProducto,44964,303,217,662.442598890366,4367.452974501013,26-35,0.673872431278356,71.61716171617162,559.2953082752798,3.052730870462516,2024-10
2024-10-15,Instagram,Descuento10,15505,1752,275,3565.92976952685,14133.774068789862,18-25,11.299580780393422,15.69634703196347,296.3559290923786,12.967017343734,2024-10
2024-10-16,Facebook,LanzamientoProducto,6313,2928,264,4760.890243993372,6704.749651492469,26-35,46.38048471408205,9.01639344262295,40.82974628435486,18.033675166641558,2024-10
2024-10-17,Google Ads,Descuento10,20810,2520,159,2536.3217292897475,11422.485575281964,26-35,12.109562710235464,6.309523809523809,350.3563346626625,15.951708989243695,2024-10
2024-10-18,Email,Verano2024,6037,73,73,2503.8701541587566,3528.9600261852675,36-45,1.2092098724532052,100.0,40.940216900780854,34.299591152859676,2024-10
2024-10-19,Facebook,LanzamientoProducto,27042,2729,226,3645.5164440100916,9559.624264013644,18-25,10.09170919310702,8.28142176621473,162.229629486954,16.130603734557926,2024-10
2024-10-20,Email,BlackFriday,37271,1845,399,1079.2992904989962,8941.880233361164,26-35,4.950229400874675,21.6260162601626,728.4894016030561,2.7050107531303165,2024-10
2024-10-21,Google Ads,BlackFriday,41012,3573,112,1898.3196559452454,6594.432512479692,46+,8.712084268019115,3.13462076686258,247.38261766541493,16.949282642368264,2024-10
2024-10-22,Google Ads,Verano2024,22827,1753,413,1652.9141452504177,11163.73110831726,36-45,7.679502343715776,23.55961209355391,575.3969128037166,4.00221342675646,2024-10
2024-10-23,Facebook,Navidad,21443,3724,132,4979.827844993791,12360.684306241634,26-35,17.366972904910693,3.544575725026853,148.21509279016144,37.72596852268023,2024-10
2024-10-24,TikTok,Verano2024,29822,2395,446,891.9292340035008,11045.435635281136,36-45,8.03098383743545,18.62212943632568,1138.3757829870372,1.9998413318464143,2024-10
2024-10-25,Email,Descuento10,17529,1647,162,952.3766262843734,12289.920131907935,18-25,9.395858291973301,9.836065573770492,1190.4474755807632,5.878868063483786,2024-10
2024-10-26,Instagram,LanzamientoProducto,3918,3918,39,2358.44328958866,11305.186556048238,46+,100.0,0.9954058192955589,379.3495186403229,60.472904861247684,2024-10
2024-10-27,Instagram,BlackFriday,48757,3159,480,1444.128302317176,2669.910786998079,26-35,6.47906967204709,15.194681861348528,84.88044190492451,3.0086006298274497,2024-10
2024-10-28,Google Ads,Descuento10,3380,3380,482,4366.318997900426,11699.839557119203,26-35,100.0,14.2603550295858,167.95659141590775,9.058753107677234,2024-10
2024-10-29,Instagram,Verano2024,18201,1973,17,2238.733464874886,3264.962648859383,46+,10.840063732761935,0.8616320324379118,45.8397214356131,131.69020381616977,2024-10
2024-10-30,Email,BlackFriday,11067,2307,121,3455.995428276537,1938.7225349649696,18-25,20.84575765790187,5.244906805374946,-43.90263022044022,28.561945688235845,2024-10
2024-10-31,Instagram,Descuento10,25268,2240,176,4109.193920180281,13573.873869579884,18-25,8.864967547886655,7.857142857142857,230.32935736905705,23.347692728297048,2024-10
2024-11-01,Google Ads,Verano2024,10479,2316,29,1433.0252380260422,9174.42688151118,36-45,22.101345548239333,1.2521588946459412,540.2139081757368,49.41466338020835,2024-11
2024-11-02,Instagram,Verano2024,15211,3348,10,3690.414077342284,3059.056117671819,36-45,22.01038721977516,0.2986857825567503,-17.108052008222035,369.0414077342284,2024-11
2024-11-03,Facebook,Navidad,19501,508,100,2055.5761314486526,9725.06094995946,26-35,2.6049946156607353,19.68503937007874,373.1063374970107,20.555761314486528,2024-11
2024-11-04,Google Ads,BlackFriday,3071,3071,78,1347.1451244398347,5326.299827950578,46+,100.0,2.5398892868772385,295.3768403508376,17.27109133897224,2024-11
2024-11-05,Email,Descuento10,37219,1273,359,4461.533199118743,2552.37717442752,26-35,3.42029608533276,28.201099764336213,-42.79147861251656,12.42766907832519,2024-11
2024-11-06,Facebook,Navidad,34521,4109,235,2868.670400583793,12092.539245919636,26-35,11.902899684250166,5.719153078607934,321.5381189647555,12.207108087590608,2024-11
2024-11-07,Email,LanzamientoProducto,12031,2154,183,2532.0249682300173,2094.8056762289525,26-35,17.903748649322583,8.495821727019498,-17.26757427304115,13.836202012185886,2024-11
2024-11-08,Google Ads,Navidad,8088,4375,152,984.9547087486156,14455.570409701128,36-45,54.09248269040554,3.4742857142857146,1367.638083386283,6.479965189135629,2024-11
2024-11-09,Instagram,Verano2024,39028,2083,148,4518.039042370781,11693.045852064552,46+,5.337193809572614,7.105136821891503,158.80798599581777,30.527290826829603,2024-11
2024-11-10,Email,LanzamientoProducto,2141,2141,188,3225.4255866951476,10827.283988666366,18-25,100.0,8.780943484353106,235.6854373986744,17.15651907816568,2024-11
2024-11-11,Email,Verano2024,22689,4918,459,4743.355942450359,3967.65494203544,46+,21.675701881969236,9.333062220414803,-16.353421708728057,10.334108807081392,2024-11
2024-11-12,TikTok,Descuento10,3209,1982,455,317.2040673096292,11514.069305195222,46+,61.7637893424743,22.956609485368315,3529.8618119408006,0.6971517962848993,2024-11
2024-11-13,Google Ads,Navidad,8982,4982,172,671.4608733983123,826.9669487669951,46+,55.466488532620794,3.4524287434765153,23.159365128999287,3.90384228719949,2024-11
2024-11-14,Google Ads,Descuento10,43500,3523,442,4399.034905008144,8531.093261578137,46+,8.098850574712642,12.546125461254611,93.93102000317823,9.952567658389466,2024-11
2024-11-15,Google Ads,Navidad,18295,1746,224,2313.6444063679164,5005.671743984734,46+,9.543591145121617,12.829324169530354,116.35441168951746,10.328769671285341,2024-11
2024-11-16,Email,Descuento10,41399,1267,420,2388.1922923782668,12568.218286563942,36-45,3.0604603975941447,33.14917127071823,426.2649212408252,5.686172124710159,2024-11
2024-11-17,Facebook,Verano2024,48053,584,128,1194.0775927965065,11539.153428676065,36-45,1.2153247455934073,21.91780821917808,866.3654605268653,9.328731193722707,2024-11
2024-11-18,Google Ads,LanzamientoProducto,48529,4660,114,2493.29509989488,7573.657831315542,46+,9.602505718230336,2.4463519313304722,203.7609880849987,21.8710096482007,2024-11
2024-11-19,Instagram,LanzamientoProducto,22609,3279,172,2248.7627188479987,7349.163212579691,18-25,14.50307399708081,5.245501677340653,226.809189381463,13.074201853767434,2024-11
2024-11-20,Facebook,LanzamientoProducto,1158,1158,392,3632.200466717855,1560.765503699068,46+,100.0,33.85146804835924,-57.02975323084484,9.265817517137386,2024-11
2024-11-21,Email,Verano2024,22133,2255,363,3213.8737661464183,3902.709959354334,26-35,10.188406451904395,16.097560975609756,21.43320625918241,8.853646738695367,2024-11
2024-11-22,Google Ads,Descuento10,12870,4101,275,4015.0275044252317,10755.084330757027,26-35,31.864801864801866,6.705681541087539,167.8707510447469,14.600100016091751,2024-11
2024-11-23,TikTok,Verano2024,33717,1319,305,3937.1978681316245,1451.756353466038,18-25,3.911973188599223,23.12357846853677,-63.12716804972362,12.908845469284016,2024-11
2024-11-24,Google Ads,Descuento10,18623,2854,215,2165.4365059375095,11915.178643153971,18-25,15.325135585029265,7.533286615276805,450.2437319442614,10.071797702034928,2024-11
2024-11-25,TikTok,Descuento10,46939,99,99,1577.2721892269162,14703.566726412126,36-45,0.21091203476852938,100.0,832.2149231337761,15.932042315423397,2024-11
2024-11-26,Facebook,Verano2024,40163,2513,354,1701.2873648222212,1646.744948407229,18-25,6.257002713940691,14.08674890569041,-3.205949655700388,4.805896510797235,2024-11
2024-11-27,Email,Descuento10,29691,3787,499,4950.709337547495,7139.548925978663,26-35,12.754706813512511,13.176656984420385,44.212645889558225,9.92126119748997,2024-11
2024-11-28,Facebook,LanzamientoProducto,18337,2117,368,2105.2373321925015,8895.832822723085,18-25,11.544963734525822,17.38308927727917,322.55724267717176,5.72075362008832,2024-11
2024-11-29,Google Ads,Descuento10,8781,1620,8,3801.7853914823654,12287.098982965996,18-25,18.448923812777586,0.49382716049382713,223.1928611881771,475.2231739352957,2024-11
2024-11-30,Google Ads,Descuento10,36610,673,435,505.4362414423279,2676.125313507226,18-25,1.8382955476645726,64.63595839524517,429.4684262985486,1.161922394120294,2024-11
2024-12-01,Facebook,BlackFriday,33767,765,291,2204.8686558829822,5721.856287414465,46+,2.2655255130748957,38.03921568627451,159.51007431429232,7.576868233274853,2024-12
2024-12-02,TikTok,LanzamientoProducto,39400,4885,224,1711.4716001192658,12616.087344551934,26-35,12.398477157360405,4.5854657113613095,637.1485067980542,7.640498214818151,2024-12
2024-12-03,Facebook,LanzamientoProducto,27170,1311,183,885.0449169818596,8013.709947216758,46+,4.825174825174825,13.958810068649885,805.4579935383111,4.836311021758796,2024-12
2024-12-04,TikTok,Navidad,47714,2484,155,216.98032797595886,2870.4020520149916,18-25,5.206019197719747,6.239935587761675,1222.885848127683,1.3998730837158635,2024-12
2024-12-05,Email,BlackFriday,14786,1655,115,1334.5481427996342,13106.541748292093,26-35,11.193020424726093,6.948640483383686,882.0958366325399,11.604766459127253,2024-12
2024-12-06,TikTok,LanzamientoProducto,14155,1012,33,3987.276089473817,14073.801344734225,26-35,7.149417167078771,3.260869565217391,252.9678163468104,120.82654816587325,2024-12
2024-12-07,Google Ads,BlackFriday,8518,4495,226,1557.709502183685,11225.137263688359,18-25,52.77060342803475,5.027808676307008,620.6181414411564,6.892519921166747,2024-12
2024-12-08,Google Ads,LanzamientoProducto,17278,3994,67,4377.785868859827,14618.123156762074,46+,23.116101400625073,1.6775162744116174,233.91590166033617,65.34008759492279,2024-12
2024-12-09,TikTok,Navidad,9450,3497,175,2936.353671917764,13934.6447241876,26-35,37.00529100529101,5.004289390906491,374.5560746804295,16.77916383953008,2024-12
2024-12-10,Google Ads,Verano2024,25719,506,126,4043.2048818481626,2260.3512033053876,36-45,1.9674170846455927,24.90118577075099,-44.09506148320207,32.08892763371558,2024-12
2024-12-11,Email,BlackFriday,35881,4867,438,4996.876701743006,6434.169386069525,18-25,13.564281931941697,8.99938360386275,28.763821285107223,11.40839429621691,2024-12
2024-12-12,Facebook,BlackFriday,39948,4333,28,3238.759832066848,9154.889720449451,36-45,10.84660058075498,0.6462035541195477,182.66652037014936,115.66999400238743,2024-12
2024-12-13,TikTok,Navidad,27836,388,388,1770.3100777629224,11119.602216063959,18-25,1.3938784308090244,100.0,528.1160772758749,4.562654839595161,2024-12
2024-12-14,Instagram,Descuento10,21866,1148,372,1619.119773812827,8258.422304033826,46+,5.250160065855666,32.40418118466899,410.0562934010905,4.352472510249535,2024-12
2024-12-15,Google Ads,Verano2024,9508,4130,258,4866.169453299717,9913.370484811154,36-45,43.43710559528818,6.246973365617434,103.72020703243211,18.861121912014408,2024-12
2024-12-16,Google Ads,BlackFriday,24179,942,115,3601.3807283379406,2193.6777340048366,46+,3.895942760246495,12.208067940552016,-39.0878693623367,31.316354159460353,2024-12
2024-12-17,Facebook,Verano2024,48451,1311,418,2562.264484889541,6391.274332366351,36-45,2.705826505128893,31.88405797101449,149.4385091803619,6.129819341841007,2024-12
2024-12-18,Facebook,Descuento10,19904,97,97,1148.973198706845,599.4282974345454,18-25,0.48733922829581994,100.0,-47.82921846138845,11.84508452275098,2024-12
2024-12-19,TikTok,Descuento10,34530,411,411,2500.4883524406896,9951.817625301896,26-35,1.1902693310165073,100.0,297.9949602879803,6.08391326627905,2024-12
2024-12-20,Instagram,Navidad,29171,4493,448,3834.4856178382183,2884.8954292897815,26-35,15.402283089369579,9.971066102826619,-24.76447386139345,8.559119682674595,2024-12
2024-12-21,Email,Descuento10,23252,2374,345,4876.11215109559,6357.5079108770715,18-25,10.209874419404782,14.532434709351305,30.380674477485798,14.133658408972725,2024-12
2024-12-22,Instagram,LanzamientoProducto,39265,3850,386,3396.7681076379854,7730.413698418352,18-25,9.805169998726601,10.025974025974026,127.58143780953768,8.79991737730048,2024-12
2024-12-23,Instagram,Descuento10,29050,3326,317,220.71524206594282,10162.496535249822,46+,11.449225473321858,9.530968129885748,4504.347411681512,0.6962625932679584,2024-12
2024-12-24,Instagram,Descuento10,32243,3717,5,2379.3532945631005,11566.980026761903,18-25,11.528083615048228,0.13451708366962603,386.13966043600277,475.8706589126201,2024-12
2024-12-25,Email,BlackFriday,17075,4440,492,4155.618346413345,10868.981429255746,26-35,26.002928257686676,11.081081081081082,161.54907701369183,8.446378752872652,2024-12
2024-12-26,Facebook,Navidad,37657,1648,78,2601.5355317997587,8733.38699009514,18-25,4.376344371564383,4.733009708737864,235.70123810891513,33.35301963845844,2024-12
2024-12-27,Email,LanzamientoProducto,14462,2195,33,1786.1263230950897,8167.19474263929,46+,15.177707094454432,1.5034168564920272,357.25739758914494,54.125040093790595,2024-12
2024-12-28,Facebook,Verano2024,9955,728,163,4319.414173228593,12925.049123940054,18-25,7.312908086388749,22.39010989010989,199.23153014704042,26.499473455390145,2024-12
2024-12-29,Email,Navidad,10352,990,226,2930.2002398716145,13068.324174306506,18-25,9.56336939721793,22.828282828282827,345.987410569562,12.965487787042543,2024-12
2024-12-30,Instagram,LanzamientoProducto,43196,57,57,2571.517127083478,1397.2508528290284,36-45,0.13195666265394945,100.0,-45.66433806280964,45.114335562868035,2024-12
2024-12-31,Email,LanzamientoProducto,15337,4356,207,2482.8099820304155,4417.101261452843,18-25,28.401903892547438,4.75206611570248,77.90734262477004,11.994251120919882,2024-12
2025-01-01,Facebook,BlackFriday,27404,3949,303,3439.320862688447,13864.008041609852,46+,14.41030506495402,7.672828564193466,303.103071656206,11.350893936265502,2025-01
2025-01-02,Facebook,BlackFriday,5052,1609,438,2330.8855269248115,9093.457629529585,46+,31.848772763262073,27.221876942200122,290.12888125513325,5.321656454166236,2025-01
2025-01-03,Google Ads,LanzamientoProducto,2220,1351,26,2878.887177322522,2452.584456089136,46+,60.85585585585586,1.924500370096225,-14.807899545054912,110.72642989702007,2025-01
2025-01-04,Google Ads,Verano2024,21641,3224,127,1513.7258845407673,1531.4117755586165,18-25,14.89764798299524,3.9392059553349874,1.168368143695625,11.919101453076909,2025-01
2025-01-05,Instagram,Verano2024,47321,3733,413,942.1402857670668,1869.2616740876554,26-35,7.888675218190655,11.063487811411733,98.40587461619369,2.2812113456829706,2025-01
2025-01-06,Email,Verano2024,41185,1349,157,4118.261124537905,11662.681843621147,18-25,3.27546436809518,11.638250555967383,183.19432622014162,26.230962576674553,2025-01
2025-01-07,Instagram,Descuento10,20849,4183,452,1664.0680343566275,3718.8123617206593,26-35,20.06331238908341,10.805641883815444,123.47718271978285,3.681566447691654,2025-01
2025-01-08,Facebook,Navidad,16846,4032,248,715.7565032027999,4022.8999783985905,18-25,23.934465154932923,6.15079365079365,462.04868001859506,2.8861149322693542,2025-01
2025-01-09,Email,Descuento10,7220,4914,285,1002.8839558953503,2393.6539171155296,46+,68.06094182825485,5.7997557997558,138.67705760419048,3.5188910733170182,2025-01
2025-01-10,Instagram,LanzamientoProducto,11113,3893,103,2122.0438333681186,9195.009891901858,36-45,35.03104472239719,2.645774466992037,333.30914033512175,20.602367314253577,2025-01
2025-01-11,Instagram,Verano2024,6095,1192,310,1498.5917379537136,7951.230217019815,26-35,19.55701394585726,26.006711409395972,430.5801450551839,4.8341668966248825,2025-01
2025-01-12,Facebook,Verano2024,6250,804,487,3505.9053658513544,4582.35280227365,36-45,12.864,60.57213930348259,30.703836073478758,7.198984324130091,2025-01
2025-01-13,Facebook,LanzamientoProducto,2876,1103,370,1814.5142887390834,10042.805180532045,46+,38.351877607788595,33.54487760652765,453.47071350487124,4.904092672267793,2025-01
2025-01-14,Instagram,Navidad,15537,3256,167,2970.6651035012715,11777.86308634237,26-35,20.95642659458068,5.128992628992629,296.47226045308173,17.788413793420787,2025-01
2025-01-15,TikTok,LanzamientoProducto,46134,3869,179,918.8417731743975,14704.123161937394,26-35,8.38643950231933,4.626518480227449,1500.2889279987633,5.13319426354412,2025-01
2025-01-16,TikTok,LanzamientoProducto,16422,1578,176,769.2671960675098,7441.3308166075785,46+,9.609061015710632,11.153358681875792,867.327198488071,4.370836341292669,2025-01
2025-01-17,Instagram,Verano2024,21270,2636,85,4540.922600069586,6488.277638704483,36-45,12.393041842971321,3.2245827010622152,42.88456796433957,53.42261882434807,2025-01
2025-01-18,Email,Verano2024,17820,4833,442,4336.472301834151,4736.540487092932,18-25,27.121212121212125,9.14545830746948,9.225659877720625,9.811023307317084,2025-01
2025-01-19,TikTok,Navidad,22519,1487,77,4498.897509298726,11876.70936281558,26-35,6.603312758115369,5.178211163416274,163.99155211399525,58.42724038050293,2025-01
2025-01-20,Google Ads,BlackFriday,45503,4555,271,2517.8116231640984,14597.085388554751,36-45,10.01032898929741,5.949506037321624,479.7528796141945,9.2908177976535,2025-01
2025-01-21,Instagram,Verano2024,16571,4576,363,445.14157757654823,9206.156837414963,36-45,27.614507271739786,7.9326923076923075,1968.141306308741,1.2262853376764413,2025-01
2025-01-22,Google Ads,BlackFriday,12421,4646,272,1619.917239169681,9813.586299641263,18-25,37.40439578133806,5.854498493327593,505.8078809428191,5.95557808518265,2025-01
2025-01-23,Instagram,Verano2024,33012,1914,28,4418.869771883983,10492.47063348309,26-35,5.797891675754271,1.4629049111807733,137.44693044008017,157.8167775672851,2025-01
2025-01-24,TikTok,Navidad,28584,4026,159,2170.270443642829,6637.616988055224,18-25,14.084802686817799,3.9493293591654246,205.8428504842877,13.649499645552384,2025-01
2025-01-25,Email,Descuento10,30891,219,26,1701.650149716462,3695.0360750978552,18-25,0.7089443527240944,11.87214611872146,117.1442864277091,65.44808268140238,2025-01
2025-01-26,Email,Verano2024,10350,2253,138,1547.9347122549607,4213.7392828473785,18-25,21.768115942028984,6.125166444740346,172.21686092361062,11.216918204746092,2025-01
2025-01-27,Google Ads,LanzamientoProducto,12476,233,73,2792.2730307238103,9449.38896565276,26-35,1.8675857646681628,31.330472103004293,238.41207008339364,38.25031548936727,2025-01
2025-01-28,Google Ads,Navidad,26629,2862,356,2316.15833233066,9745.902290176244,26-35,10.74768109955312,12.43885394828791,320.7787591260793,6.5060627312658985,2025-01
2025-01-29,Instagram,BlackFriday,37902,1672,321,1936.9591037191965,7197.727842827933,46+,4.411376708353122,19.198564593301434,271.59937083893107,6.034140510028649,2025-01
2025-01-30,Google Ads,Verano2024,29478,4163,61,2172.9134344546187,1128.4312645194768,36-45,14.122396363389647,1.4652894547201538,-48.06828258196569,35.621531712370796,2025-01
2025-01-31,Google Ads,Descuento10,17722,4090,183,1406.657024086299,13219.900688720676,36-45,23.07865929353346,4.474327628361858,839.8098088130423,7.6866504048431645,2025-01
2025-02-01,TikTok,Descuento10,30197,132,132,1039.9318744761983,4042.5569862235166,36-45,0.43712951617710366,100.0,288.732866588949,7.878271776334836,2025-02
2025-02-02,Email,Descuento10,4049,3787,35,1089.056816233651,8924.969129129768,18-25,93.52926648555199,0.9242144177449169,719.5136374973999,31.11590903524717,2025-02
2025-02-03,Instagram,Verano2024,5638,3026,468,287.8876185644894,11210.718589883603,36-45,53.67151472153245,15.465961665565104,3794.1301629379736,0.6151444841121568,2025-02
2025-02-04,TikTok,Descuento10,26854,3484,129,4733.459179150834,3172.922526551403,36-45,12.973858643032695,3.7026406429391505,-32.96820767934426,36.693482008921194,2025-02
2025-02-05,Email,LanzamientoProducto,8264,3702,425,4786.869507079369,7362.753982893341,46+,44.796708615682476,11.480280929227444,53.81146220937212,11.263222369598516,2025-02
2025-02-06,Email,BlackFriday,18992,2037,343,604.1410053091842,519.4028025241237,26-35,10.725568660488626,16.83848797250859,-14.026229314081007,1.761344038802286,2025-02
2025-02-07,Facebook,BlackFriday,12585,1869,156,461.6837263833987,1187.9256306585867,18-25,14.851013110846246,8.346709470304976,157.3029029990307,2.9595110665602484,2025-02
2025-02-08,Facebook,LanzamientoProducto,1635,1635,400,2139.706393275608,4132.102223253625,46+,100.0,24.464831804281346,93.1153842526928,5.349265983189021,2025-02
2025-02-09,Google Ads,BlackFriday,21451,2037,109,3843.328091697238,10051.48219224084,46+,9.496060789706775,5.351006381934217,161.5306825861448,35.25989074951595,2025-02
2025-02-10,Google Ads,Descuento10,43109,4534,15,4147.576248762965,13356.791248234604,46+,10.517525342735857,0.33083370092633435,222.03847372832098,276.50508325086435,2025-02
2025-02-11,Facebook,Descuento10,47534,1374,113,204.80952261077556,6655.054244798847,18-25,2.8905625447048426,8.224163027656479,3149.387118315908,1.8124736514227926,2025-02
2025-02-12,TikTok,LanzamientoProducto,11308,1853,477,1488.1816492997125,863.052437570458,46+,16.386628935267066,25.74203993524015,-42.006243795804025,3.119877671487867,2025-02
2025-02-13,Instagram,Navidad,2749,2749,283,2723.0005976225393,4744.4546729670765,18-25,100.0,10.294652600945799,74.23626998501122,9.621910238948901,2025-02
2025-02-14,TikTok,LanzamientoProducto,47945,1433,379,761.9685522351805,14376.523578633192,18-25,2.9888413807487746,26.448011165387296,1786.7607510127136,2.0104711140769935,2025-02
2025-02-15,Email,LanzamientoProducto,2231,2231,114,4852.9502545144105,2112.682533103154,36-45,100.0,5.1098162259076645,-56.46601711736379,42.56973907468781,2025-02
2025-02-16,Email,Verano2024,46261,4556,378,1331.344587633548,11457.768050855124,46+,9.84846847236333,8.296751536435469,760.616263984758,3.5220756286601795,2025-02
2025-02-17,TikTok,Verano2024,32163,4579,166,2703.724396664773,11336.250428686117,36-45,14.236856014675247,3.6252456868311853,319.2827657534233,16.28749636545044,2025-02
2025-02-18,Google Ads,Navidad,2452,2452,19,637.3032745893671,9053.887450830816,36-45,100.0,0.7748776508972268,1320.6560380008243,33.54227760996669,2025-02
2025-02-19,Email,LanzamientoProducto,24983,3453,61,1760.639387450075,13997.89519327725,46+,13.82139855101469,1.7665797856935999,695.0461231899583,28.862940777870083,2025-02
2025-02-20,TikTok,Verano2024,38238,2497,248,703.2451600600202,9811.176018221284,26-35,6.530153250693028,9.931918301962355,1295.1288363483263,2.8356659679839527,2025-02
2025-02-21,Facebook,LanzamientoProducto,32474,1811,431,4568.049470434683,14514.332301464397,26-35,5.576769107593767,23.799006073992267,217.73588257754253,10.598722669222003,2025-02
2025-02-22,Instagram,Navidad,13900,2579,244,4754.321742679757,12478.911095503161,46+,18.55395683453237,9.461031407522295,162.4751073003626,19.484925174917038,2025-02
2025-02-23,TikTok,Verano2024,43792,1226,135,2752.470626489783,12013.659195909286,46+,2.799598100109609,11.01141924959217,336.4682071550484,20.388671307331727,2025-02
2025-02-24,Instagram,Verano2024,12966,565,338,1814.2553487733276,14290.242039991166,18-25,4.3575505167360795,59.823008849557525,687.6643191187628,5.367619375069016,2025-02
2025-02-25,Google Ads,BlackFriday,43241,91,91,1685.108797969336,9447.112966849869,18-25,0.2104484170116325,100.0,460.6233246324656,18.51767909856413,2025-02
2025-02-26,TikTok,Descuento10,38751,3755,116,4626.022962039061,5174.070350663585,18-25,9.690072514257697,3.089214380825566,11.84705292476445,39.87950829344018,2025-02
2025-02-27,Google Ads,LanzamientoProducto,37388,323,323,3134.7571326195684,2003.0952433507298,18-25,0.8639135551513855,100.0,-36.10046460993813,9.705130441546652,2025-02
2025-02-28,Email,Navidad,10003,1787,309,2107.0034621715895,10566.837275967571,26-35,17.864640607817655,17.291550083939562,401.51019994418175,6.818781430976018,2025-02
2025-03-01,Instagram,LanzamientoProducto,21777,450,158,3880.5855217288713,8087.54746894492,46+,2.066400330624053,35.11111111111111,108.41049433544686,24.560667859043487,2025-03
2025-03-02,Instagram,LanzamientoProducto,9681,831,176,2722.9189187281863,6088.995156212164,18-25,8.583823985125504,21.179302045728036,123.62014213248023,15.471130220046513,2025-03
2025-03-03,Email,LanzamientoProducto,7354,2562,169,1168.0635746295732,14271.320966990495,46+,34.838183301604566,6.5964090554254495,1121.793169221662,6.911618784790374,2025-03
2025-03-04,TikTok,Navidad,43816,375,127,1268.605613648268,13730.206795606846,18-25,0.8558517436552858,33.86666666666667,982.3069555968137,9.989020579907622,2025-03
2025-03-05,Facebook,Descuento10,25579,3317,328,1448.4965906934672,5980.253593563753,46+,12.967668790804957,9.888453421766656,312.8593489267869,4.416148142358131,2025-03
2025-03-06,Facebook,LanzamientoProducto,43746,4781,492,178.43721357602487,14209.576276234267,26-35,10.928999222786082,10.290734156034302,7863.347998695432,0.3626772633659042,2025-03
2025-03-07,Instagram,Verano2024,25571,3489,447,1353.4861827269638,6764.299257009471,26-35,13.64436275468304,12.811693895098882,399.76862293347995,3.027933294691194,2025-03
2025-03-08,TikTok,BlackFriday,13957,4978,370,3095.520269331557,3489.0195535669677,18-25,35.66669054954503,7.432703897147448,12.711894931974802,8.366270998193396,2025-03
2025-03-09,Instagram,Descuento10,2180,2180,440,3791.584395882347,9499.436982845733,46+,100.0,20.18348623853211,150.54003791032852,8.61723726336897,2025-03
2025-03-10,Instagram,Descuento10,3925,3295,55,655.8098548330198,1866.596616904528,46+,83.94904458598727,1.669195751138088,184.62466721848742,11.923815542418541,2025-03
2025-03-11,Google Ads,LanzamientoProducto,42940,284,114,4864.003510541945,2713.6518531793795,36-45,0.6613879832324173,40.140845070422536,-44.20950052157701,42.666697460894255,2025-03
2025-03-12,Facebook,Navidad,31513,557,314,2494.8733374284866,12306.958779310602,46+,1.7675245136927618,56.37342908438061,393.28992356764763,7.945456488625753,2025-03
2025-03-13,TikTok,Descuento10,48576,4246,359,404.98613465489836,12377.043968091122,18-25,8.740942028985508,8.455016486104569,2956.1648681227066,1.1280950826041738,2025-03
2025-03-14,Instagram,BlackFriday,28466,3600,377,4705.884002324098,3988.8989083947663,26-35,12.646666198271623,10.472222222222221,-15.235927905898954,12.48245093454668,2025-03
2025-03-15,TikTok,BlackFriday,11086,3825,317,1431.1959367502157,11329.510036794329,46+,34.50297672740393,8.287581699346406,691.6113891798766,4.514813680600049,2025-03
2025-03-16,TikTok,Navidad,49493,1755,283,1617.5919814671772,14616.772063127739,18-25,3.5459559937768974,16.125356125356124,803.6130390477167,5.715872726032428,2025-03
2025-03-17,TikTok,LanzamientoProducto,18316,1537,51,2350.79531855947,14388.702766569168,46+,8.391570211836646,3.318152244632401,512.0780764267616,46.09402585410726,2025-03
2025-03-18,Facebook,BlackFriday,28385,1689,477,1689.4242520359091,6945.574446973602,36-45,5.950325876343139,28.24156305506217,311.1207968397255,3.541769920410711,2025-03
2025-03-19,Email,Verano2024,43452,3024,168,970.6227907874706,13026.638848476197,46+,6.95940347970174,5.555555555555555,1242.0907660645003,5.777516611830182,2025-03
2025-03-20,Facebook,BlackFriday,36695,4634,465,722.9311371517593,8577.99999774471,46+,12.62842349093882,10.034527406128614,1086.5583811399724,1.5546906175306652,2025-03
2025-03-21,TikTok,Descuento10,34869,102,102,2597.456712905002,8689.431742174584,26-35,0.29252344489374515,100.0,234.53615219082135,25.46526189122551,2025-03
2025-03-22,Facebook,LanzamientoProducto,34791,3952,55,445.59733934169753,3969.4223300593108,26-35,11.359259578626656,1.3917004048582995,790.8092530183259,8.101769806212683,2025-03
2025-03-23,Google Ads,Descuento10,44881,2056,224,3578.187417247063,6071.072477883934,46+,4.581003097078942,10.894941634241246,69.66893485290977,15.974050969852959,2025-03
2025-03-24,Facebook,BlackFriday,16326,2550,181,1775.2427231300392,3615.6616891357967,26-35,15.61925762587284,7.098039215686275,103.6713989600702,9.807970846022316,2025-03
2025-03-25,TikTok,Navidad,33167,1122,206,4963.858427440331,11265.5427002976,36-45,3.3828805740645826,18.36007130124777,126.9513295951674,24.096400133205492,2025-03
2025-03-26,Facebook,Descuento10,13752,2710,381,407.9816567102554,9788.577640478637,46+,19.706224549156488,14.059040590405905,2299.2690552336257,1.0708179966148434,2025-03
2025-03-27,Google Ads,Descuento10,24383,4027,439,338.0016175108585,12164.892404397862,36-45,16.515605134725014,10.901415445741247,3499.0633695730935,0.7699353474051447,2025-03
2025-03-28,Google Ads,Navidad,43402,2026,465,1333.8642823486666,9488.23584043047,36-45,4.667987650338694,22.95162882527147,611.3344262973739,2.868525338384229,2025-03
2025-03-29,Facebook,Verano2024,11426,1255,112,1822.8944670765377,4519.171759040896,36-45,10.983721337300894,8.924302788844622,147.91186986751384,16.275843456040516,2025-03
2025-03-30,TikTok,BlackFriday,20958,2706,327,4084.908695262748,14311.635000251867,46+,12.911537360435155,12.084257206208427,250.35385287433746,12.492075520681187,2025-03
2025-03-31,TikTok,Navidad,16890,3350,407,4165.401866666633,9935.307035172542,36-45,19.834221432800472,12.149253731343283,138.51977199797244,10.23440262080254,2025-03
2025-04-01,Instagram,Navidad,22217,1527,314,3645.5709106868953,7406.8910564333255,18-25,6.873115182067786,20.563195808775376,103.17506469892601,11.61009844167801,2025-04
2025-04-02,TikTok,LanzamientoProducto,4970,2653,86,4146.063194703067,11774.825407025786,36-45,53.38028169014084,3.2416132679984924,184.000143125389,48.21003714771008,2025-04
2025-04-03,Email,Descuento10,35678,1322,239,3668.8801579575274,4192.086458718523,18-25,3.705364650484893,18.078668683812403,14.26065388443393,15.350963004006392,2025-04
2025-04-04,TikTok,BlackFriday,35833,4293,118,4377.7171802714265,12257.06357981607,46+,11.980576563502916,2.7486606102958304,179.98756144078064,37.09929813789344,2025-04
2025-04-05,Email,Navidad,2374,2374,170,2376.1146950428515,5405.260517123108,18-25,100.0,7.160909856781802,127.48314836820738,13.97714526495795,2025-04
2025-04-06,Email,BlackFriday,46838,201,201,1454.5470381310756,1582.5078835253123,36-45,0.42913873350698156,100.0,8.797298543101881,7.236552428512814,2025-04
2025-04-07,Instagram,Descuento10,1302,1302,319,3184.3457547183016,11851.738358719494,18-25,100.0,24.50076804915515,272.1875471957957,9.98227509316082,2025-04
2025-04-08,Instagram,Descuento10,47233,3387,152,1886.3878759093939,3268.9034601440762,18-25,7.170833950839456,4.48774726896959,73.28904102334714,12.410446552035486,2025-04
2025-04-09,TikTok,BlackFriday,11092,3793,145,431.4515996557452,9842.36398880658,18-25,34.19581680490443,3.822831531769048,2181.22088240252,2.975528273487898,2025-04
2025-04-10,TikTok,Verano2024,25697,1395,6,4293.596967156788,4411.901131228922,46+,5.428649258668327,0.43010752688172044,2.7553625777427073,715.5994945261314,2025-04
2025-04-11,Email,Verano2024,44600,3882,144,4187.069990195773,10439.004159012266,46+,8.70403587443946,3.7094281298299845,149.3152534697461,29.076874931915093,2025-04
2025-04-12,Instagram,LanzamientoProducto,27827,2559,187,2531.932394129696,2328.4252174664603,18-25,9.196104502821001,7.307542008597108,-8.03762285024153,13.539745423153455,2025-04
2025-04-13,Instagram,BlackFriday,49469,1660,75,2383.478930262121,9546.667247265326,26-35,3.355636863490267,4.518072289156627,300.53499638930896,31.779719070161615,2025-04
2025-04-14,TikTok,Descuento10,21524,2285,54,682.4498251615647,3284.2728138426496,46+,10.616056495075265,2.3632385120350112,381.24751340732246,12.637959725214161,2025-04
2025-04-15,Google Ads,LanzamientoProducto,28018,2494,134,716.8979916295906,7798.7127405828205,36-45,8.901420515382968,5.3728949478749,987.8413430696689,5.349985012161124,2025-04
2025-04-16,Google Ads,Navidad,45911,2050,217,4009.017031194778,13154.15938326599,36-45,4.465160854697131,10.585365853658537,228.11433029372168,18.474732862648747,2025-04
2025-04-17,Google Ads,Descuento10,6260,4750,232,4284.648640588693,7393.613522654146,26-35,75.87859424920129,4.88421052631579,72.56055613555036,18.468313105985743,2025-04
2025-04-18,Instagram,LanzamientoProducto,13854,1388,42,127.83946207848528,11694.963577297445,26-35,10.018767143063375,3.025936599423631,9048.163944962067,3.0437967161544117,2025-04
2025-04-19,Google Ads,BlackFriday,8779,4319,68,3941.1170244086834,2623.5022273577542,26-35,49.196947260508026,1.5744385274369066,-33.43252151332962,57.957603300127694,2025-04
2025-04-20,Google Ads,Navidad,23071,642,250,2726.2538604046836,10028.715421567675,18-25,2.7827142299856966,38.940809968847354,267.8569911343112,10.905015441618735,2025-04
2025-04-21,TikTok,BlackFriday,9978,2975,367,2243.0211846371903,2703.7155262271667,26-35,29.815594307476452,12.336134453781513,20.53900982948112,6.111774345060464,2025-04
2025-04-22,TikTok,BlackFriday,21352,4901,269,2429.9147580432004,11644.198282229663,18-25,22.95335331584863,5.488675780452969,379.20192441675135,9.033140364472864,2025-04
2025-04-23,Facebook,Descuento10,23349,4607,479,3593.943099785561,10853.88520668559,18-25,19.73103773180864,10.397221619275017,202.00492621414082,7.50301273441662,2025-04
2025-04-24,Google Ads,Verano2024,8297,342,342,111.7120404881212,6334.895363780668,18-25,4.121971797035073,100.0,5570.736418474321,0.3266433932401205,2025-04
2025-04-25,Email,Navidad,7788,1079,93,407.1934240341369,7315.58344187667,26-35,13.854648176682074,8.619091751621873,1696.5868332056782,4.378423914345558,2025-04
2025-04-26,Google Ads,Descuento10,20824,4093,287,4222.54245913245,2942.015423691071,18-25,19.65520553207837,7.01197165892988,-30.325971800991002,14.712691495235017,2025-04
2025-04-27,Google Ads,Verano2024,40174,3211,479,4988.490332631584,9715.051434073035,46+,7.992731617464031,14.917471192774837,94.74932868012681,10.414384828040886,2025-04
2025-04-28,Google Ads,BlackFriday,17542,170,137,1283.7653603651952,13733.953979001712,26-35,0.9691027248888382,80.58823529411765,969.8180838198334,9.37055007565836,2025-04
2025-04-29,Google Ads,Navidad,26064,4492,469,2060.575443445642,8626.193317357289,18-25,17.234499693063228,10.440783615316118,318.6303076063445,4.393551052122905,2025-04
2025-04-30,TikTok,Verano2024,43703,2955,412,3539.544181025615,5069.770290931353,46+,6.761549550374116,13.942470389170897,43.23229296328039,8.591126652974793,2025-04
2025-05-01,TikTok,Descuento10,8127,3448,134,3357.439979736055,6436.968799758758,36-45,42.42647963578196,3.88631090487239,91.72252783696224,25.055522236836232,2025-05
2025-05-02,Google Ads,Navidad,49736,4823,299,3940.2939725193023,3665.0350877834467,46+,9.69720122245456,6.199460916442049,-6.985744887452233,13.178240710766897,2025-05
2025-05-03,Facebook,LanzamientoProducto,47753,1544,479,4579.196305358401,6905.525660306197,46+,3.2333047138399684,31.023316062176164,50.80213207338618,9.559908779453865,2025-05
2025-05-04,Facebook,Verano2024,14793,180,180,1393.9435429125078,7679.364869287762,36-45,1.2167917258162644,100.0,450.90931826711466,7.744130793958377,2025-05
2025-05-05,Google Ads,LanzamientoProducto,6908,3761,371,2682.6699838887603,14140.804300685979,36-45,54.444122756224665,9.864397766551448,427.1168047359918,7.2309163986219955,2025-05
2025-05-06,Email,Descuento10,42190,579,217,788.4205443436061,6733.612016136991,26-35,1.3723631192225645,37.47841105354059,754.0634899034767,3.6332743978968023,2025-05
2025-05-07,TikTok,LanzamientoProducto,39249,1213,311,4854.525178834461,13002.678042604624,26-35,3.09052459935285,25.63891178895301,167.84654654374415,15.609405719724956,2025-05
2025-05-08,Instagram,Verano2024,30757,2018,11,3811.2585467084823,2918.984851127299,46+,6.5611080404460775,0.5450941526263627,-23.411523638347177,346.4780497007711,2025-05
2025-05-09,Email,Descuento10,19455,4789,274,1018.0193894838301,8404.972492796029,26-35,24.615780005140067,5.7214449780747545,725.6200795013965,3.7153992316928104,2025-05
2025-05-10,TikTok,Descuento10,18070,579,377,3725.2803990396606,9066.292176461777,36-45,3.2042058660763697,65.11226252158895,143.37207418799872,9.881380368805466,2025-05
2025-05-11,Instagram,LanzamientoProducto,33321,3910,465,4014.285504769693,9108.936929373753,26-35,11.73434170643138,11.892583120204604,126.91303143612227,8.632872053268157,2025-05
2025-05-12,Facebook,Navidad,27166,3976,138,768.5979365900074,7781.194938292704,46+,14.635941986306412,3.470824949698189,912.3882159787037,5.569550265144981,2025-05
2025-05-13,Facebook,Navidad,14725,4864,63,2546.2297234337216,11623.633981062501,36-45,33.03225806451613,1.2952302631578947,356.5037425369237,40.41634481640828,2025-05
2025-05-14,TikTok,Verano2024,35107,3720,290,4131.413973284792,3006.538364996155,18-25,10.596177400518416,7.795698924731183,-27.22737579827359,14.246255080292386,2025-05
